scenario,taux_captation,ca_annuel_potentiel
Prudent,0.1,496305.40318355506
Central,0.15,744458.1047753325
Haut,0.2,992610.8063671101
