n,valid,p_valid,score_min,score_q1,score_median,score_q3,score_max,avg_competition,median_dist_hyper,median_dist_super,share_with_hyper_1km,share_with_super_1km
94,24,0.2553191489361702,0.16773021303669577,0.33976280387311875,0.37747795955188984,0.4358453234496033,0.7695384991157197,4.779990973510929,4203.420728943783,428.4652333913,0.06382978723404255,0.7978723404255319
