scenario,taux_captation,ca_annuel_potentiel
Prudent,0.1,458800.93901689857
Central,0.15,688201.4085253478
Haut,0.2,917601.8780337971
